<?xml version="1.0"?>
<!DOCTYPE MODE SYSTEM "xmode.dtd">
<!-- Agena 1.1.1, based on Philipp Janda's Lua definition -->

<!-- TODO:
  * Autoindent screws up, if { or ( gets typed after the indentNextLines trigger
  -> This is very annoying, so I disabled the automatic indenting in this case!
  -> It should be fixed if you set doubleBracketIndent to "true", but I keep it
     disabled anyway since it is not that useful if you don't have an unindent!
  * Should I use FUNCTION and OPERATOR tags inside of <KEYWORDS>??!!
-->

<MODE>
  <PROPS>
    <!-- Comments -->
    <PROPERTY NAME="lineComment" VALUE="#"/>
    <PROPERTY NAME="commentStart" VALUE="#/"/>
    <PROPERTY NAME="commentEnd" VALUE="/#"/>
    <PROPERTY NAME="wordBreakChars" VALUE=",+-=&lt;&gt;/?^&amp;*"/>
    <!-- Auto indent -->
    <PROPERTY NAME="indentOpenBrackets" VALUE="{"/>
    <PROPERTY NAME="indentCloseBrackets" VALUE="}"/>
    <!--
    <PROPERTY NAME="indentNextLines" VALUE=".*((then|else|do|proc)).*"/>
    -->
    <PROPERTY NAME="doubleBracketIndent" VALUE="true"/>
  </PROPS>
  <RULES IGNORE_CASE="FALSE" NO_WORD_SEP="_:." HIGHLIGHT_DIGITS="TRUE"
         DIGIT_RE="[\p{Digit}]*(\.[\p{Digit}]*)?([eE][+-]?[\p{Digit}]*)?">
    <!-- Multiline comments -->
    <SPAN TYPE="COMMENT1">
      <BEGIN>#/</BEGIN>
      <END>/#</END>
    </SPAN>
    <!-- Single line comments -->
    <EOL_SPAN TYPE="COMMENT1">#</EOL_SPAN>
    <EOL_SPAN AT_LINE_START="TRUE" TYPE="COMMENT2">#!</EOL_SPAN>
    <!-- Simple string literals -->
    <SPAN TYPE="LITERAL1">
      <BEGIN>"</BEGIN>
      <END>"</END>
    </SPAN>
    <SPAN TYPE="LITERAL1">
      <BEGIN>'</BEGIN>
      <END>'</END>
    </SPAN>
    <!-- Multiline string literals
    <SPAN TYPE="LITERAL1">
      <BEGIN>[[</BEGIN>
      <END>]]</END>
    </SPAN> -->
    <!-- Operators -->
    <SEQ TYPE="OPERATOR">+</SEQ>
    <SEQ TYPE="OPERATOR">-</SEQ>
    <SEQ TYPE="OPERATOR">*</SEQ>
    <SEQ TYPE="OPERATOR">*%</SEQ>
    <SEQ TYPE="OPERATOR">/</SEQ>
    <SEQ TYPE="OPERATOR">/%</SEQ>
    <SEQ TYPE="OPERATOR">%%</SEQ>
    <SEQ TYPE="OPERATOR">+%</SEQ>
    <SEQ TYPE="OPERATOR">-%</SEQ>
    <SEQ TYPE="OPERATOR">^</SEQ>
    <SEQ TYPE="OPERATOR">**</SEQ>
    <SEQ TYPE="OPERATOR">&amp;</SEQ>
    <SEQ TYPE="OPERATOR">&amp;&amp;</SEQ>
    <SEQ TYPE="OPERATOR">&amp;+</SEQ>
    <SEQ TYPE="OPERATOR">&amp;-</SEQ>
    <SEQ TYPE="OPERATOR">&amp;*</SEQ>
    <SEQ TYPE="OPERATOR">&amp;/</SEQ>
    <SEQ TYPE="OPERATOR">||</SEQ>
    <SEQ TYPE="OPERATOR">~~</SEQ>
    <SEQ TYPE="OPERATOR">^^</SEQ>
    <SEQ TYPE="OPERATOR">&lt;=</SEQ>
    <SEQ TYPE="OPERATOR">&lt;</SEQ>
    <SEQ TYPE="OPERATOR">&gt;=</SEQ>
    <SEQ TYPE="OPERATOR">&gt;</SEQ>
    <SEQ TYPE="OPERATOR">==</SEQ>
    <SEQ TYPE="OPERATOR">=</SEQ>
    <SEQ TYPE="OPERATOR">&lt;&gt;</SEQ>
    <SEQ TYPE="OPERATOR">:=</SEQ>
    <SEQ TYPE="OPERATOR">+:=</SEQ>
    <SEQ TYPE="OPERATOR">-:=</SEQ>
    <SEQ TYPE="OPERATOR">*:=</SEQ>
    <SEQ TYPE="OPERATOR">/:=</SEQ>
    <SEQ TYPE="OPERATOR">\:=</SEQ>
    <SEQ TYPE="OPERATOR">%:=</SEQ>
    <SEQ TYPE="OPERATOR">::</SEQ>
    <SEQ TYPE="OPERATOR">:-</SEQ>
    <SEQ TYPE="OPERATOR">.</SEQ>
    <SEQ TYPE="OPERATOR">..</SEQ>
    <SEQ TYPE="OPERATOR">|</SEQ>
    <SEQ TYPE="OPERATOR">~|</SEQ>
    <SEQ TYPE="OPERATOR">|-</SEQ>
    <SEQ TYPE="OPERATOR">-&gt;</SEQ>
    <SEQ TYPE="OPERATOR">%</SEQ>
    <SEQ TYPE="OPERATOR">&gt;&gt;&gt;</SEQ>
    <SEQ TYPE="OPERATOR">&lt;&lt;&gt;</SEQ>
    <!-- Function calls and definitions -->
    <MARK_PREVIOUS TYPE="FUNCTION" MATCH_TYPE="OPERATOR">(</MARK_PREVIOUS>
	<SEQ TYPE="OPERATOR">)</SEQ>
    <!-- <MARK_PREVIOUS TYPE="FUNCTION" MATCH_TYPE="OPERATOR">{</MARK_PREVIOUS>
	<SEQ TYPE="OPERATOR">}</SEQ> -->
    <MARK_PREVIOUS TYPE="FUNCTION" MATCH_TYPE="OPERATOR">"</MARK_PREVIOUS>
	<SEQ TYPE="OPERATOR">"</SEQ>
    <MARK_PREVIOUS TYPE="FUNCTION" MATCH_TYPE="OPERATOR">'</MARK_PREVIOUS>
	<SEQ TYPE="OPERATOR">'</SEQ>

   <KEYWORDS>
      <!-- Keywords -->
      <KEYWORD1>alias</KEYWORD1>
      <KEYWORD1>as</KEYWORD1>
      <KEYWORD1>boolean</KEYWORD1>
      <KEYWORD1>bottom</KEYWORD1>
      <KEYWORD1>break</KEYWORD1>
      <KEYWORD1>by</KEYWORD1>
      <KEYWORD1>case</KEYWORD1>
      <KEYWORD1>catch</KEYWORD1>
      <KEYWORD1>clear</KEYWORD1>
      <KEYWORD1>cls</KEYWORD1>
      <KEYWORD1>complex</KEYWORD1>
      <KEYWORD1>create</KEYWORD1>
      <KEYWORD1>dec</KEYWORD1>
      <KEYWORD1>delete</KEYWORD1>
      <KEYWORD1>dict</KEYWORD1>
      <KEYWORD1>div</KEYWORD1>
      <KEYWORD1>do</KEYWORD1>
      <KEYWORD1>downto</KEYWORD1>
      <KEYWORD1>duplicate</KEYWORD1>
      <KEYWORD1>elif</KEYWORD1>
      <KEYWORD1>else</KEYWORD1>
      <KEYWORD1>end</KEYWORD1>
      <KEYWORD1>enum</KEYWORD1>
      <KEYWORD1>epocs</KEYWORD1>
      <KEYWORD1>esac</KEYWORD1>
      <KEYWORD1>esle</KEYWORD1>
      <KEYWORD1>exchange</KEYWORD1>
      <KEYWORD1>external</KEYWORD1>
      <KEYWORD1>fail</KEYWORD1>
      <KEYWORD1>false</KEYWORD1>
      <KEYWORD1>feature</KEYWORD1>
      <KEYWORD1>fi</KEYWORD1>
      <KEYWORD1>for</KEYWORD1>
      <KEYWORD1>from</KEYWORD1>
      <KEYWORD1>global</KEYWORD1>
      <KEYWORD1>if</KEYWORD1>
      <KEYWORD1>import</KEYWORD1>
      <KEYWORD1>inc</KEYWORD1>
      <KEYWORD1>infinity</KEYWORD1>
      <KEYWORD1>insert</KEYWORD1>
      <KEYWORD1>integer</KEYWORD1>
      <KEYWORD1>into</KEYWORD1>
      <KEYWORD1>keys</KEYWORD1>
      <KEYWORD1>lightuserdata</KEYWORD1>
      <KEYWORD1>local</KEYWORD1>
      <KEYWORD1>mod</KEYWORD1>
      <KEYWORD1>mul</KEYWORD1>
      <KEYWORD1>nargs</KEYWORD1>
      <KEYWORD1>negate</KEYWORD1>
      <KEYWORD1>nonnegint</KEYWORD1>
      <KEYWORD1>nonnegative</KEYWORD1>
      <KEYWORD1>null</KEYWORD1>
      <KEYWORD1>number</KEYWORD1>
      <KEYWORD1>od</KEYWORD1>
      <KEYWORD1>odd</KEYWORD1>
      <KEYWORD1>of</KEYWORD1>
      <KEYWORD1>onsuccess</KEYWORD1>
      <KEYWORD1>pair</KEYWORD1>
      <KEYWORD1>poke</KEYWORD1>
      <KEYWORD1>pokes</KEYWORD1>
      <KEYWORD1>pop</KEYWORD1>
      <KEYWORD1>pre</KEYWORD1>
      <KEYWORD1>posint</KEYWORD1>
      <KEYWORD1>positive</KEYWORD1>
      <KEYWORD1>post</KEYWORD1>
      <KEYWORD1>proc</KEYWORD1>
      <KEYWORD1>procedure</KEYWORD1>
      <KEYWORD1>quit</KEYWORD1>
      <KEYWORD1>redo</KEYWORD1>
      <KEYWORD1>reg</KEYWORD1>
      <KEYWORD1>register</KEYWORD1>
      <KEYWORD1>relaunch</KEYWORD1>
      <KEYWORD1>reminisce</KEYWORD1>
      <KEYWORD1>return</KEYWORD1>
      <KEYWORD1>rotate</KEYWORD1>
      <KEYWORD1>scope</KEYWORD1>
      <KEYWORD1>seq</KEYWORD1>
      <KEYWORD1>sequence</KEYWORD1>
      <KEYWORD1>set</KEYWORD1>
      <KEYWORD1>skip</KEYWORD1>
      <KEYWORD1>storage</KEYWORD1>
      <KEYWORD1>string</KEYWORD1>
      <KEYWORD1>subset</KEYWORD1>
      <KEYWORD1>table</KEYWORD1>
      <KEYWORD1>then</KEYWORD1>
      <KEYWORD1>thread</KEYWORD1>
      <KEYWORD1>to</KEYWORD1>
      <KEYWORD1>top</KEYWORD1>
      <KEYWORD1>true</KEYWORD1>
      <KEYWORD1>try</KEYWORD1>
      <KEYWORD1>undefined</KEYWORD1>
      <KEYWORD1>up</KEYWORD1>
      <KEYWORD1>userdata</KEYWORD1>
      <KEYWORD1>until</KEYWORD1>
      <KEYWORD1>values</KEYWORD1>
      <KEYWORD1>varargs</KEYWORD1>
      <KEYWORD1>when</KEYWORD1>
      <KEYWORD1>while</KEYWORD1>
      <KEYWORD1>with</KEYWORD1>
      <KEYWORD1>xsubset</KEYWORD1>
      <KEYWORD1>yrt</KEYWORD1>
      <!-- operators -->
      <KEYWORD1>abs</KEYWORD1>
      <KEYWORD1>and</KEYWORD1>
      <KEYWORD1>antilog2</KEYWORD1>
      <KEYWORD1>antilog10</KEYWORD1>
      <KEYWORD1>arccos</KEYWORD1>
      <KEYWORD2>arcsec</KEYWORD2>
      <KEYWORD1>arcsin</KEYWORD1>
      <KEYWORD1>arctan</KEYWORD1>
      <KEYWORD1>assigned</KEYWORD1>
      <KEYWORD1>atendof</KEYWORD1>
      <KEYWORD1>bea</KEYWORD1>
      <KEYWORD1>char</KEYWORD1>
      <KEYWORD1>cis</KEYWORD1>
      <KEYWORD2>conjugate</KEYWORD2>
      <KEYWORD1>copy</KEYWORD1>
      <KEYWORD1>cos</KEYWORD1>
      <KEYWORD1>cosc</KEYWORD1>
      <KEYWORD1>cosh</KEYWORD1>
      <KEYWORD1>cosxx</KEYWORD1>
      <KEYWORD1>cube</KEYWORD1>
      <KEYWORD1>empty</KEYWORD1>
      <KEYWORD1>entier</KEYWORD1>
      <KEYWORD1>even</KEYWORD1>
      <KEYWORD1>exp</KEYWORD1>
      <KEYWORD1>filled</KEYWORD1>
      <KEYWORD1>finite</KEYWORD1>
      <KEYWORD1>flip</KEYWORD1>
      <KEYWORD1>float</KEYWORD1>
      <KEYWORD1>frac</KEYWORD1>
      <KEYWORD1>imag</KEYWORD1>
      <KEYWORD1>in</KEYWORD1>
      <KEYWORD1>infinite</KEYWORD1>
      <KEYWORD1>inrange</KEYWORD1>
      <KEYWORD1>instr</KEYWORD1>
      <KEYWORD1>int</KEYWORD1>
      <KEYWORD1>intdiv</KEYWORD1>
      <KEYWORD1>integral</KEYWORD1>
      <KEYWORD1>intersect</KEYWORD1>
      <KEYWORD1>invsqrt</KEYWORD1>
      <KEYWORD1>is</KEYWORD1>
      <KEYWORD1>join</KEYWORD1>
      <KEYWORD1>left</KEYWORD1>
      <KEYWORD1>ln</KEYWORD1>
      <KEYWORD1>lngamma</KEYWORD1>
      <KEYWORD2>log</KEYWORD2>
      <KEYWORD1>lower</KEYWORD1>
      <KEYWORD1>ltrim</KEYWORD1>
      <KEYWORD1>minus</KEYWORD1>
      <KEYWORD1>nan</KEYWORD1>
      <KEYWORD1>nand</KEYWORD1>
      <KEYWORD1>nonzero</KEYWORD1>
      <KEYWORD1>nor</KEYWORD1>
      <KEYWORD1>not</KEYWORD1>
      <KEYWORD1>notin</KEYWORD1>
      <KEYWORD1>numeric</KEYWORD1>
      <KEYWORD1>or</KEYWORD1>
      <KEYWORD1>peek</KEYWORD1>
      <KEYWORD1>pop</KEYWORD1>
      <KEYWORD1>qmdev</KEYWORD1>
      <KEYWORD1>qsadd</KEYWORD1>
      <KEYWORD1>real</KEYWORD1>
      <KEYWORD1>recip</KEYWORD1>
      <KEYWORD1>replace</KEYWORD1>
      <KEYWORD1>right</KEYWORD1>
      <KEYWORD1>rtrim</KEYWORD1>
      <KEYWORD1>sadd</KEYWORD1>
      <KEYWORD1>sign</KEYWORD1>
      <KEYWORD1>signum</KEYWORD1>
      <KEYWORD1>sin</KEYWORD1>
      <KEYWORD1>sinc</KEYWORD1>
      <KEYWORD1>sinh</KEYWORD1>
      <KEYWORD1>size</KEYWORD1>
      <KEYWORD1>split</KEYWORD1>
      <KEYWORD1>sqrt</KEYWORD1>
      <KEYWORD1>square</KEYWORD1>
      <KEYWORD1>squareadd</KEYWORD1>
      <KEYWORD1>surd</KEYWORD1>
      <KEYWORD1>tan</KEYWORD1>
      <KEYWORD1>tanc</KEYWORD1>
      <KEYWORD1>tanh</KEYWORD1>
      <KEYWORD1>trim</KEYWORD1>
      <KEYWORD1>type</KEYWORD1>
      <KEYWORD1>typeof</KEYWORD1>
      <KEYWORD1>unassigned</KEYWORD1>
      <KEYWORD1>union</KEYWORD1>
      <KEYWORD1>unique</KEYWORD1>
      <KEYWORD1>upper</KEYWORD1>
      <KEYWORD1>zero</KEYWORD1>
      <!-- baselib functions -->
      <KEYWORD2>alternate</KEYWORD2>
      <KEYWORD2>approx</KEYWORD2>
      <KEYWORD2>argerror</KEYWORD2>
      <KEYWORD2>arccosh</KEYWORD2>
      <KEYWORD2>arccot</KEYWORD2>
      <KEYWORD2>arccoth</KEYWORD2>
      <KEYWORD2>arccsc</KEYWORD2>
      <KEYWORD2>arccsch</KEYWORD2>
      <KEYWORD2>arcsech</KEYWORD2>
      <KEYWORD2>arcsinh</KEYWORD2>
      <KEYWORD2>arctan2</KEYWORD2>
      <KEYWORD2>arctanh</KEYWORD2>
      <KEYWORD2>argument</KEYWORD2>
      <KEYWORD2>assume</KEYWORD2>
      <KEYWORD2>besselj</KEYWORD2>
      <KEYWORD2>bessely</KEYWORD2>
      <KEYWORD2>beta</KEYWORD2>
      <KEYWORD2>binsearch</KEYWORD2>
      <KEYWORD2>binomial</KEYWORD2>
      <KEYWORD2>bintersect</KEYWORD2>
      <KEYWORD2>bisequal</KEYWORD2>
      <KEYWORD2>bminus</KEYWORD2>
      <KEYWORD2>cabs</KEYWORD2>
      <KEYWORD2>cartesian</KEYWORD2>
      <KEYWORD2>cas</KEYWORD2>
      <KEYWORD2>cbrt</KEYWORD2>
      <KEYWORD2>ceil</KEYWORD2>
      <KEYWORD2>checkoptions</KEYWORD2>
      <KEYWORD2>checktype</KEYWORD2>
      <KEYWORD2>columns</KEYWORD2>
      <KEYWORD2>cot</KEYWORD2>
      <KEYWORD2>coth</KEYWORD2>
      <KEYWORD2>countitems</KEYWORD2>
      <KEYWORD2>csc</KEYWORD2>
      <KEYWORD2>csch</KEYWORD2>
      <KEYWORD2>cycle</KEYWORD2>
      <KEYWORD2>descend</KEYWORD2>
      <KEYWORD2>drem</KEYWORD2>
      <KEYWORD2>duplicates</KEYWORD2>
      <KEYWORD2>enumerate</KEYWORD2>
      <KEYWORD2>erf</KEYWORD2>
      <KEYWORD2>erfc</KEYWORD2>
      <KEYWORD2>error</KEYWORD2>
      <KEYWORD2>everyth</KEYWORD2>
      <KEYWORD2>expx2</KEYWORD2>
      <KEYWORD2>fact</KEYWORD2>
      <KEYWORD2>fma</KEYWORD2>
      <KEYWORD2>frexp</KEYWORD2>
      <KEYWORD2>gamma</KEYWORD2>
      <KEYWORD2>getbit</KEYWORD2>
      <KEYWORD2>getbits</KEYWORD2>
      <KEYWORD2>getentry</KEYWORD2>
      <KEYWORD2>getmetatable</KEYWORD2>
      <KEYWORD2>getnbits</KEYWORD2>
      <KEYWORD2>gettype</KEYWORD2>
      <KEYWORD2>has</KEYWORD2>
      <KEYWORD2>heaviside</KEYWORD2>
      <KEYWORD2>hypot</KEYWORD2>
      <KEYWORD2>hypot2</KEYWORD2>
      <KEYWORD2>hypot3</KEYWORD2>
      <KEYWORD2>hypot4</KEYWORD2>
      <KEYWORD2>identity</KEYWORD2>
      <KEYWORD2>ilog2</KEYWORD2>
      <KEYWORD2>initialise</KEYWORD2>
      <KEYWORD2>iqr</KEYWORD2>
      <KEYWORD2>irem</KEYWORD2>
      <KEYWORD2>isboolean</KEYWORD2>
      <KEYWORD2>iscomplex</KEYWORD2>
      <KEYWORD2>isequal</KEYWORD2>
      <KEYWORD2>isint</KEYWORD2>
      <KEYWORD2>isnegative</KEYWORD2>
      <KEYWORD2>isnegint</KEYWORD2>
      <KEYWORD2>isnonneg</KEYWORD2>
      <KEYWORD2>isnonnegint</KEYWORD2>
      <KEYWORD2>isnonposint</KEYWORD2>
      <KEYWORD2>isnumber</KEYWORD2>
      <KEYWORD2>isnumeric</KEYWORD2>
      <KEYWORD2>ispair</KEYWORD2>
      <KEYWORD2>isposint</KEYWORD2>
      <KEYWORD2>ispositive</KEYWORD2>
      <KEYWORD2>isseq</KEYWORD2>
      <KEYWORD2>isset</KEYWORD2>
      <KEYWORD2>isstring</KEYWORD2>
      <KEYWORD2>isstructure</KEYWORD2>
      <KEYWORD2>istable</KEYWORD2>
      <KEYWORD2>iterate</KEYWORD2>
      <KEYWORD2>ldexp</KEYWORD2>
      <KEYWORD2>load</KEYWORD2>
      <KEYWORD2>loadfile</KEYWORD2>
      <KEYWORD2>loadstring</KEYWORD2>
      <KEYWORD2>log2</KEYWORD2>
      <KEYWORD2>log10</KEYWORD2>
      <KEYWORD2>map</KEYWORD2>
      <KEYWORD2>max</KEYWORD2>
      <KEYWORD2>mdf</KEYWORD2>
      <KEYWORD2>min</KEYWORD2>
      <KEYWORD2>modf</KEYWORD2>
      <KEYWORD2>mprint</KEYWORD2>
      <KEYWORD2>nand</KEYWORD2>
      <KEYWORD2>nor</KEYWORD2>
      <KEYWORD2>newproxy</KEYWORD2>
      <KEYWORD2>next</KEYWORD2>
      <KEYWORD2>nreg</KEYWORD2>
      <KEYWORD2>nseq</KEYWORD2>
      <KEYWORD2>ops</KEYWORD2>
      <KEYWORD2>optboolean</KEYWORD2>
      <KEYWORD2>optcomplex</KEYWORD2>
      <KEYWORD2>optint</KEYWORD2>
      <KEYWORD2>optnonnegint</KEYWORD2>
      <KEYWORD2>optnonnegative</KEYWORD2>
      <KEYWORD2>optnumber</KEYWORD2>
      <KEYWORD2>optposint</KEYWORD2>
      <KEYWORD2>optpositive</KEYWORD2>
      <KEYWORD2>optstring</KEYWORD2>
      <KEYWORD2>prepend</KEYWORD2>
      <KEYWORD2>print</KEYWORD2>
      <KEYWORD2>printf</KEYWORD2>
      <KEYWORD2>protect</KEYWORD2>
      <KEYWORD2>purge</KEYWORD2>
      <KEYWORD2>put</KEYWORD2>
      <KEYWORD2>rawequal</KEYWORD2>
      <KEYWORD2>rawget</KEYWORD2>
      <KEYWORD2>rawset</KEYWORD2>
      <KEYWORD2>read</KEYWORD2>
      <KEYWORD2>readlib</KEYWORD2>
      <KEYWORD2>recurse</KEYWORD2>
      <KEYWORD2>reduce</KEYWORD2>
      <KEYWORD2>remove</KEYWORD2>
      <KEYWORD2>roll</KEYWORD2>
      <KEYWORD2>root</KEYWORD2>
      <KEYWORD2>round</KEYWORD2>
      <KEYWORD2>run</KEYWORD2>
      <KEYWORD2>satisfy</KEYWORD2>
      <KEYWORD2>save</KEYWORD2>
      <KEYWORD2>sec</KEYWORD2>
      <KEYWORD2>sech</KEYWORD2>
      <KEYWORD2>select</KEYWORD2>
      <KEYWORD2>setbit</KEYWORD2>
      <KEYWORD2>setbits</KEYWORD2>
      <KEYWORD2>setmetatable</KEYWORD2>
      <KEYWORD2>setnbits</KEYWORD2>
      <KEYWORD2>settype</KEYWORD2>
      <KEYWORD2>sort</KEYWORD2>
      <KEYWORD2>sorted</KEYWORD2>
      <KEYWORD2>subs</KEYWORD2>
      <KEYWORD2>switchd</KEYWORD2>
      <KEYWORD2>time</KEYWORD2>
      <KEYWORD2>times</KEYWORD2>
      <KEYWORD2>tonumber</KEYWORD2>
      <KEYWORD2>toseq</KEYWORD2>
      <KEYWORD2>toset</KEYWORD2>
      <KEYWORD2>tostring</KEYWORD2>
      <KEYWORD2>totable</KEYWORD2>
      <KEYWORD2>unpack</KEYWORD2>
      <KEYWORD2>watch</KEYWORD2>
      <KEYWORD2>whereis</KEYWORD2>
      <KEYWORD2>write</KEYWORD2>
      <KEYWORD2>writeline</KEYWORD2>
      <KEYWORD2>xdf</KEYWORD2>
      <KEYWORD2>xnor</KEYWORD2>
      <KEYWORD2>xpcall</KEYWORD2>
      <KEYWORD2>zip</KEYWORD2>
      <!-- Builtin functions or special names -->
      <KEYWORD2>_PROMPT</KEYWORD2>
      <KEYWORD2>__add</KEYWORD2>
      <KEYWORD2>__sub</KEYWORD2>
      <KEYWORD2>__mul</KEYWORD2>
      <KEYWORD2>__div</KEYWORD2>
      <KEYWORD2>__pow</KEYWORD2>
      <KEYWORD2>__unm</KEYWORD2>
      <KEYWORD2>__concat</KEYWORD2>
      <KEYWORD2>__eq</KEYWORD2>
      <KEYWORD2>__lt</KEYWORD2>
      <KEYWORD2>__le</KEYWORD2>
      <KEYWORD2>__index</KEYWORD2>
      <KEYWORD2>__newindex</KEYWORD2>
      <KEYWORD2>__call</KEYWORD2>
      <KEYWORD2>__metatable</KEYWORD2>
      <KEYWORD2>__mode</KEYWORD2>
      <KEYWORD2>__tostring</KEYWORD2>
      <KEYWORD2>__fenv</KEYWORD2>
      <!-- library functions -->
      <KEYWORD3>tables.allocate</KEYWORD3>
      <KEYWORD3>tables.borders</KEYWORD3>
      <KEYWORD3>tables.dimension</KEYWORD3>
      <KEYWORD3>tables.entries</KEYWORD3>
      <KEYWORD3>tables.getsize</KEYWORD3>
      <KEYWORD3>tables.indices</KEYWORD3>
      <KEYWORD3>tables.maxn</KEYWORD3>
      <KEYWORD3>tables.newtable</KEYWORD3>
      <KEYWORD3>tables.seqt</KEYWORD3>
      <KEYWORD3>strings.a64</KEYWORD3>
      <KEYWORD3>strings.advance</KEYWORD3>
      <KEYWORD3>strings.align</KEYWORD3>
      <KEYWORD3>strings.appendmissing</KEYWORD3>
      <KEYWORD3>strings.between</KEYWORD3>
      <KEYWORD3>strings.c2f</KEYWORD3>
      <KEYWORD3>strings.capitalise</KEYWORD3>
      <KEYWORD3>strings.charmap</KEYWORD3>
      <KEYWORD3>strings.charset</KEYWORD3>
      <KEYWORD3>strings.chomp</KEYWORD3>
      <KEYWORD3>strings.chop</KEYWORD3>
      <KEYWORD3>strings.compare</KEYWORD3>
      <KEYWORD3>strings.contains</KEYWORD3>
      <KEYWORD3>strings.cut</KEYWORD3>
      <KEYWORD3>strings.diamap</KEYWORD3>
      <KEYWORD3>strings.f2c</KEYWORD3>
      <KEYWORD3>strings.fields</KEYWORD3>
      <KEYWORD3>strings.find</KEYWORD3>
      <KEYWORD3>strings.format</KEYWORD3>
      <KEYWORD3>strings.glob</KEYWORD3>
      <KEYWORD3>strings.gmatch</KEYWORD3>
      <KEYWORD3>strings.gmatches</KEYWORD3>
      <KEYWORD3>strings.gseparate</KEYWORD3>
      <KEYWORD3>strings.gsub</KEYWORD3>
      <KEYWORD3>strings.hits</KEYWORD3>
      <KEYWORD3>strings.isabbrev</KEYWORD3>
      <KEYWORD3>strings.isalpha</KEYWORD3>
      <KEYWORD3>strings.isalphanumeric</KEYWORD3>
      <KEYWORD3>strings.isalphaspace</KEYWORD3>
      <KEYWORD3>strings.isalphaspec</KEYWORD3>
      <KEYWORD3>strings.isascii</KEYWORD3>
      <KEYWORD3>strings.isblank</KEYWORD3>
      <KEYWORD3>strings.iscenumeric</KEYWORD3>
      <KEYWORD3>strings.iscontrol</KEYWORD3>
      <KEYWORD3>strings.isdia</KEYWORD3>
      <KEYWORD3>strings.isending</KEYWORD3>
      <KEYWORD3>strings.isfloat</KEYWORD3>
      <KEYWORD3>strings.isgraph</KEYWORD3>
      <KEYWORD3>strings.ishex</KEYWORD3>
      <KEYWORD3>strings.islatin</KEYWORD3>
      <KEYWORD3>strings.islatinnumeric</KEYWORD3>
      <KEYWORD3>strings.isloweralpha</KEYWORD3>
      <KEYWORD3>strings.islowerlatin</KEYWORD3>
      <KEYWORD3>strings.ismagic</KEYWORD3>
      <KEYWORD3>strings.ismultibyte</KEYWORD3>
      <KEYWORD3>strings.isnumber</KEYWORD3>
      <KEYWORD3>strings.isnumberspace</KEYWORD3>
      <KEYWORD3>strings.isnumeric</KEYWORD3>
      <KEYWORD3>strings.isprintable</KEYWORD3>
      <KEYWORD3>strings.isupperalpha</KEYWORD3>
      <KEYWORD3>strings.isupperlatin</KEYWORD3>
      <KEYWORD3>strings.isisoalpha</KEYWORD3>
      <KEYWORD3>strings.isisolower</KEYWORD3>
      <KEYWORD3>strings.isisoprint</KEYWORD3>
      <KEYWORD3>strings.isisospace</KEYWORD3>
      <KEYWORD3>strings.isisoupper</KEYWORD3>
      <KEYWORD3>strings.isolower</KEYWORD3>
      <KEYWORD3>strings.isoupper</KEYWORD3>
      <KEYWORD3>strings.isspace</KEYWORD3>
      <KEYWORD3>strings.isspec</KEYWORD3>
      <KEYWORD3>strings.isutf8</KEYWORD3>
      <KEYWORD3>strings.iswrapped</KEYWORD3>
      <KEYWORD3>strings.ljustify</KEYWORD3>
      <KEYWORD3>strings.lrtrim</KEYWORD3>
      <KEYWORD3>strings.ltrim</KEYWORD3>
      <KEYWORD3>strings.match</KEYWORD3>
      <KEYWORD3>strings.mfind</KEYWORD3>
      <KEYWORD3>strings.random</KEYWORD3>
      <KEYWORD3>strings.remove</KEYWORD3>
      <KEYWORD3>strings.repeat</KEYWORD3>
      <KEYWORD3>strings.reverse</KEYWORD3>
      <KEYWORD3>strings.rjustify</KEYWORD3>
      <KEYWORD3>strings.rotateleft</KEYWORD3>
      <KEYWORD3>strings.rotateright</KEYWORD3>
      <KEYWORD3>strings.rtrim</KEYWORD3>
      <KEYWORD3>strings.separate</KEYWORD3>
      <KEYWORD3>strings.shannon</KEYWORD3>
      <KEYWORD3>strings.splitfields</KEYWORD3>
      <KEYWORD3>strings.strlen</KEYWORD3>
      <KEYWORD3>strings.tobytes</KEYWORD3>
      <KEYWORD3>strings.tochars</KEYWORD3>
      <KEYWORD3>strings.tolatin</KEYWORD3>
      <KEYWORD3>strings.toutf8</KEYWORD3>
      <KEYWORD3>strings.transform</KEYWORD3>
      <KEYWORD3>strings.uncapitalise</KEYWORD3>
      <KEYWORD3>strings.utf8size</KEYWORD3>
      <KEYWORD3>strings.words</KEYWORD3>
      <KEYWORD3>strings.wrap</KEYWORD3>
      <KEYWORD3>strings.wrapmissing</KEYWORD3>
      <KEYWORD3>bytes.add32</KEYWORD3>
      <KEYWORD3>bytes.and32</KEYWORD3>
      <KEYWORD3>bytes.arshift32</KEYWORD3>
      <KEYWORD3>bytes.bcd</KEYWORD3>
      <KEYWORD3>bytes.cast</KEYWORD3>
      <KEYWORD3>bytes.castint</KEYWORD3>
      <KEYWORD3>bytes.div32</KEYWORD3>
      <KEYWORD3>bytes.divmod32</KEYWORD3>
      <KEYWORD3>bytes.doublecast</KEYWORD3>
      <KEYWORD3>bytes.extract32</KEYWORD3>
      <KEYWORD3>bytes.fpbtoint</KEYWORD3>
      <KEYWORD3>bytes.getdouble</KEYWORD3>
      <KEYWORD3>bytes.gethigh</KEYWORD3>
      <KEYWORD3>bytes.getlow</KEYWORD3>
      <KEYWORD3>bytes.getunbiased</KEYWORD3>
      <KEYWORD3>bytes.getwords</KEYWORD3>
      <KEYWORD3>bytes.inttofpb</KEYWORD3>
      <KEYWORD3>bytes.isint32</KEYWORD3>
      <KEYWORD3>bytes.leadzeros</KEYWORD3>
      <KEYWORD3>bytes.leastsigbit</KEYWORD3>
      <KEYWORD3>bytes.mask32</KEYWORD3>
      <KEYWORD3>bytes.mod32</KEYWORD3>
      <KEYWORD3>bytes.mostsigbit</KEYWORD3>
      <KEYWORD3>bytes.mul32</KEYWORD3>
      <KEYWORD3>bytes.muladd32</KEYWORD3>
      <KEYWORD3>bytes.nand32</KEYWORD3>
      <KEYWORD3>bytes.nextbit</KEYWORD3>
      <KEYWORD3>bytes.nor32</KEYWORD3>
      <KEYWORD3>bytes.not32</KEYWORD3>
      <KEYWORD3>bytes.numhigh</KEYWORD3>
      <KEYWORD3>bytes.numlow</KEYWORD3>
      <KEYWORD3>bytes.numto32</KEYWORD3>
      <KEYWORD3>bytes.numwords</KEYWORD3>
      <KEYWORD3>bytes.onebits</KEYWORD3>
      <KEYWORD3>bytes.or32</KEYWORD3>
      <KEYWORD3>bytes.pack</KEYWORD3>
      <KEYWORD3>bytes.packsize</KEYWORD3>
      <KEYWORD3>bytes.parity32</KEYWORD3>
      <KEYWORD3>bytes.peek</KEYWORD3>
      <KEYWORD3>bytes.replace32</KEYWORD3>
      <KEYWORD3>bytes.reverse</KEYWORD3>
      <KEYWORD3>bytes.rotate32</KEYWORD3>
      <KEYWORD3>bytes.setdouble</KEYWORD3>
      <KEYWORD3>bytes.sethigh</KEYWORD3>
      <KEYWORD3>bytes.setlow</KEYWORD3>
      <KEYWORD3>bytes.setnumhigh</KEYWORD3>
      <KEYWORD3>bytes.setnumlow</KEYWORD3>
      <KEYWORD3>bytes.setnumwords</KEYWORD3>
      <KEYWORD3>bytes.setwords</KEYWORD3>
      <KEYWORD3>bytes.shift32</KEYWORD3>
      <KEYWORD3>bytes.sub32</KEYWORD3>
      <KEYWORD3>bytes.tobig</KEYWORD3>
      <KEYWORD3>bytes.tobinary</KEYWORD3>
      <KEYWORD3>bytes.tobytes</KEYWORD3>
      <KEYWORD3>bytes.tolittle</KEYWORD3>
      <KEYWORD3>bytes.tonumber</KEYWORD3>
      <KEYWORD3>bytes.trailzeros</KEYWORD3>
      <KEYWORD3>bytes.unpack</KEYWORD3>
      <KEYWORD3>bytes.xnor32</KEYWORD3>
      <KEYWORD3>fastmath.cosfast</KEYWORD3>
      <KEYWORD3>fastmath.hypotfast</KEYWORD3>
      <KEYWORD3>fastmath.invroot</KEYWORD3>
      <KEYWORD3>fastmath.invsqrt</KEYWORD3>
      <KEYWORD3>fastmath.lbfast</KEYWORD3>
      <KEYWORD3>fastmath.reciprocal</KEYWORD3>
      <KEYWORD3>fastmath.sinfast</KEYWORD3>
      <KEYWORD3>fastmath.sincosfast</KEYWORD3>
      <KEYWORD3>fastmath.sqroot</KEYWORD3>
      <KEYWORD3>fastmath.sqrtfast</KEYWORD3>
      <KEYWORD3>fastmath.tanfast</KEYWORD3>
      <KEYWORD3>math.accu</KEYWORD3>
      <KEYWORD3>math.arccosh</KEYWORD3>
      <KEYWORD3>math.arcsinh</KEYWORD3>
      <KEYWORD3>math.arctanh</KEYWORD3>
      <KEYWORD3>math.branch</KEYWORD3>
      <KEYWORD3>math.ceillog2</KEYWORD3>
      <KEYWORD3>math.ceilpow2</KEYWORD3>
      <KEYWORD3>math.chop</KEYWORD3>
      <KEYWORD3>math.cld</KEYWORD3>
      <KEYWORD3>math.clip</KEYWORD3>
      <KEYWORD3>math.congruentprime</KEYWORD3>
      <KEYWORD3>math.convertbase</KEYWORD3>
      <KEYWORD3>math.copysign</KEYWORD3>
      <KEYWORD3>math.dd</KEYWORD3>
      <KEYWORD3>math.dirac</KEYWORD3>
      <KEYWORD3>math.dms</KEYWORD3>
      <KEYWORD3>math.eps</KEYWORD3>
      <KEYWORD3>math.epsilon</KEYWORD3>
      <KEYWORD3>math.expminusone</KEYWORD3>
      <KEYWORD3>math.expo2</KEYWORD3>
      <KEYWORD3>math.exponent</KEYWORD3>
      <KEYWORD3>math.fall</KEYWORD3>
      <KEYWORD3>math.fdim</KEYWORD3>
      <KEYWORD3>math.fib</KEYWORD3>
      <KEYWORD3>math.fibinv</KEYWORD3>
      <KEYWORD3>math.fld</KEYWORD3>
      <KEYWORD3>math.flipsign</KEYWORD3>
      <KEYWORD3>math.floorpow2</KEYWORD3>
      <KEYWORD3>math.fpclassify</KEYWORD3>
      <KEYWORD3>math.fraction</KEYWORD3>
      <KEYWORD3>math.frexp</KEYWORD3>
      <KEYWORD3>math.gcd</KEYWORD3>
      <KEYWORD3>math.iscube</KEYWORD3>
      <KEYWORD3>math.isfib</KEYWORD3>
      <KEYWORD3>math.isminuszero</KEYWORD3>
      <KEYWORD3>math.isordered</KEYWORD3>
      <KEYWORD3>math.ispow2</KEYWORD3>
      <KEYWORD3>math.isprime</KEYWORD3>
      <KEYWORD3>math.issquare</KEYWORD3>
      <KEYWORD3>math.isqrt</KEYWORD3>
      <KEYWORD3>math.issubnormal</KEYWORD3>
      <KEYWORD3>math.koadd</KEYWORD3>
      <KEYWORD3>math.largest</KEYWORD3>
      <KEYWORD3>math.lcm</KEYWORD3>
      <KEYWORD3>math.lnabs</KEYWORD3>
      <KEYWORD3>math.lnfact</KEYWORD3>
      <KEYWORD3>math.lnplusone</KEYWORD3>
      <KEYWORD3>math.mantissa</KEYWORD3>
      <KEYWORD3>math.max</KEYWORD3>
      <KEYWORD3>math.min</KEYWORD3>
      <KEYWORD3>math.modinv</KEYWORD3>
      <KEYWORD3>math.modulus</KEYWORD3>
      <KEYWORD3>math.morton</KEYWORD3>
      <KEYWORD3>math.mulsign</KEYWORD3>
      <KEYWORD3>math.ndigits</KEYWORD3>
      <KEYWORD3>math.nearmod</KEYWORD3>
      <KEYWORD3>math.nextafter</KEYWORD3>
      <KEYWORD3>math.nextprime</KEYWORD3>
      <KEYWORD3>math.nthdigit</KEYWORD3>
      <KEYWORD3>math.Phi</KEYWORD3>
      <KEYWORD3>math.piecewise</KEYWORD3>
      <KEYWORD3>math.pochhammer</KEYWORD3>
      <KEYWORD3>math.powmod</KEYWORD3>
      <KEYWORD3>math.prevprime</KEYWORD3>
      <KEYWORD3>math.ramp</KEYWORD3>
      <KEYWORD3>math.random</KEYWORD3>
      <KEYWORD3>math.randomseed</KEYWORD3>
      <KEYWORD3>math.rectangular</KEYWORD3>
      <KEYWORD3>math.rint</KEYWORD3>
      <KEYWORD3>math.signbit</KEYWORD3>
      <KEYWORD3>math.sincos</KEYWORD3>
      <KEYWORD3>math.sinhcosh</KEYWORD3>
      <KEYWORD3>math.smallest</KEYWORD3>
      <KEYWORD3>math.smallestnormal</KEYWORD3>
      <KEYWORD3>math.splitdms</KEYWORD3>
      <KEYWORD3>math.stirnum</KEYWORD3>
      <KEYWORD3>math.todecimal</KEYWORD3>
      <KEYWORD3>math.tohex</KEYWORD3>
      <KEYWORD3>math.toradians</KEYWORD3>
      <KEYWORD3>math.tosgesim</KEYWORD3>
      <KEYWORD3>math.triangular</KEYWORD3>
      <KEYWORD3>math.uexponent</KEYWORD3>
      <KEYWORD3>math.ulp</KEYWORD3>
      <KEYWORD3>math.unitstep</KEYWORD3>
      <KEYWORD3>math.wrap</KEYWORD3>
      <KEYWORD3>math.xlnplusone</KEYWORD3>
      <KEYWORD3>math.zerosubnormal</KEYWORD3>
      <KEYWORD3>calc.Ai</KEYWORD3>
      <KEYWORD3>calc.arclen</KEYWORD3>
      <KEYWORD3>calc.Bi</KEYWORD3>
      <KEYWORD3>calc.Ci</KEYWORD3>
      <KEYWORD3>calc.cheby</KEYWORD3>
      <KEYWORD3>calc.chebycoeffs</KEYWORD3>
      <KEYWORD3>calc.Chi</KEYWORD3>
      <KEYWORD3>calc.clampedspline</KEYWORD3>
      <KEYWORD3>calc.clampedsplinecoeffs</KEYWORD3>
      <KEYWORD3>calc.diff</KEYWORD3>
      <KEYWORD3>calc.Ei</KEYWORD3>
      <KEYWORD3>calc.En</KEYWORD3>
      <KEYWORD3>calc.eucliddist</KEYWORD3>
      <KEYWORD3>calc.fsum</KEYWORD3>
      <KEYWORD3>calc.gaussian</KEYWORD3>
      <KEYWORD3>calc.gd</KEYWORD3>
      <KEYWORD3>calc.gtrap</KEYWORD3>
      <KEYWORD3>calc.ibeta</KEYWORD3>
      <KEYWORD3>calc.igamma</KEYWORD3>
      <KEYWORD3>calc.igammac</KEYWORD3>
      <KEYWORD3>calc.intde</KEYWORD3>
      <KEYWORD3>calc.intdei</KEYWORD3>
      <KEYWORD3>calc.intdeo</KEYWORD3>
      <KEYWORD3>calc.integ</KEYWORD3>
      <KEYWORD3>calc.interp</KEYWORD3>
      <KEYWORD3>calc.limit</KEYWORD3>
      <KEYWORD3>calc.linterp</KEYWORD3>
      <KEYWORD3>calc.invibeta</KEYWORD3>
      <KEYWORD3>calc.iscont</KEYWORD3>
      <KEYWORD3>calc.isdiff</KEYWORD3>
      <KEYWORD3>calc.limit</KEYWORD3>
      <KEYWORD3>calc.linterp</KEYWORD3>
      <KEYWORD3>calc.logistic</KEYWORD3>
      <KEYWORD3>calc.maximum</KEYWORD3>
      <KEYWORD3>calc.minimum</KEYWORD3>
      <KEYWORD3>calc.nakspline</KEYWORD3>
      <KEYWORD3>calc.naksplinecoeffs</KEYWORD3>
      <KEYWORD3>calc.neville</KEYWORD3>
      <KEYWORD3>calc.newton</KEYWORD3>
      <KEYWORD3>calc.newtoncoeffs</KEYWORD3>
      <KEYWORD3>calc.polyfit</KEYWORD3>
      <KEYWORD3>calc.polygen</KEYWORD3>
      <KEYWORD3>calc.polylog</KEYWORD3>
      <KEYWORD3>calc.regulafalsi</KEYWORD3>
      <KEYWORD3>calc.savgol</KEYWORD3>
      <KEYWORD3>calc.savgolcoeffs</KEYWORD3>
      <KEYWORD3>calc.sections</KEYWORD3>
      <KEYWORD3>calc.Si</KEYWORD3>
      <KEYWORD3>calc.sigmoid</KEYWORD3>
      <KEYWORD3>calc.simaptive</KEYWORD3>
      <KEYWORD3>calc.sinuosity</KEYWORD3>
      <KEYWORD3>calc.Shi</KEYWORD3>
      <KEYWORD3>calc.smoothstep</KEYWORD3>
      <KEYWORD3>calc.softsign</KEYWORD3>
      <KEYWORD3>calc.Ssi</KEYWORD3>
      <KEYWORD3>calc.weier</KEYWORD3>
      <KEYWORD3>calc.xpdiff</KEYWORD3>
      <KEYWORD3>calc.zeros</KEYWORD3>
      <KEYWORD3>calc.zeta</KEYWORD3>
      <KEYWORD3>stats.accu</KEYWORD3>
      <KEYWORD3>stats.acf</KEYWORD3>
      <KEYWORD3>stats.acv</KEYWORD3>
      <KEYWORD3>stats.ad</KEYWORD3>
      <KEYWORD3>stats.amean</KEYWORD3>
      <KEYWORD3>stats.cauchy</KEYWORD3>
      <KEYWORD3>stats.cdf</KEYWORD3>
      <KEYWORD3>stats.checkcoordinate</KEYWORD3>
      <KEYWORD3>stats.chisquare</KEYWORD3>
      <KEYWORD3>stats.chauvenet</KEYWORD3>
      <KEYWORD3>stats.colnorm</KEYWORD3>
      <KEYWORD3>stats.countentries</KEYWORD3>
      <KEYWORD3>stats.covar</KEYWORD3>
      <KEYWORD3>stats.cumsum</KEYWORD3>
      <KEYWORD3>stats.dbscan</KEYWORD3>
      <KEYWORD3>stats.deltalist</KEYWORD3>
      <KEYWORD3>stats.durbinwatson</KEYWORD3>
      <KEYWORD3>stats.ema</KEYWORD3>
      <KEYWORD3>stats.extrema</KEYWORD3>
      <KEYWORD3>stats.fivenum</KEYWORD3>
      <KEYWORD3>stats.fprod</KEYWORD3>
      <KEYWORD3>stats.fratio</KEYWORD3>
      <KEYWORD3>stats.freqd</KEYWORD3>
      <KEYWORD3>stats.fsum</KEYWORD3>
      <KEYWORD3>stats.gammad</KEYWORD3>
      <KEYWORD3>stats.gammadc</KEYWORD3>
      <KEYWORD3>stats.gema</KEYWORD3>
      <KEYWORD3>stats.gini</KEYWORD3>
      <KEYWORD3>stats.gmean</KEYWORD3>
      <KEYWORD3>stats.gsma</KEYWORD3>
      <KEYWORD3>stats.gsmm</KEYWORD3>
      <KEYWORD3>stats.herfindahl</KEYWORD3>
      <KEYWORD3>stats.hmean</KEYWORD3>
      <KEYWORD3>stats.invnormald</KEYWORD3>
      <KEYWORD3>stats.ios</KEYWORD3>
      <KEYWORD3>stats.iqmean</KEYWORD3>
      <KEYWORD3>stats.iqr</KEYWORD3>
      <KEYWORD3>stats.isall</KEYWORD3>
      <KEYWORD3>stats.isany</KEYWORD3>
      <KEYWORD3>stats.issorted</KEYWORD3>
      <KEYWORD3>stats.kurtosis</KEYWORD3>
      <KEYWORD3>stats.mad</KEYWORD3>
      <KEYWORD3>stats.max</KEYWORD3>
      <KEYWORD3>stats.md</KEYWORD3>
      <KEYWORD3>stats.median</KEYWORD3>
      <KEYWORD3>stats.mean</KEYWORD3>
      <KEYWORD3>stats.meanmed</KEYWORD3>
      <KEYWORD3>stats.meanvar</KEYWORD3>
      <KEYWORD3>stats.midrange</KEYWORD3>
      <KEYWORD3>stats.min</KEYWORD3>
      <KEYWORD3>stats.minmax</KEYWORD3>
      <KEYWORD3>stats.mode</KEYWORD3>
      <KEYWORD3>stats.moment</KEYWORD3>
      <KEYWORD3>stats.nde</KEYWORD3>
      <KEYWORD3>stats.ndf</KEYWORD3>
      <KEYWORD3>stats.neighbours</KEYWORD3>
      <KEYWORD3>stats.normald</KEYWORD3>
      <KEYWORD3>stats.numbcomb</KEYWORD3>
      <KEYWORD3>stats.numbperm</KEYWORD3>
      <KEYWORD3>stats.obcount</KEYWORD3>
      <KEYWORD3>stats.obpart</KEYWORD3>
      <KEYWORD3>stats.pdf</KEYWORD3>
      <KEYWORD3>stats.peaks</KEYWORD3>
      <KEYWORD3>stats.percentile</KEYWORD3>
      <KEYWORD3>stats.prange</KEYWORD3>
      <KEYWORD3>stats.qcd</KEYWORD3>
      <KEYWORD3>stats.qmean</KEYWORD3>
      <KEYWORD3>stats.quartiles</KEYWORD3>
      <KEYWORD3>stats.rownorm</KEYWORD3>
      <KEYWORD3>stats.scale</KEYWORD3>
      <KEYWORD3>stats.sd</KEYWORD3>
      <KEYWORD3>stats.sdko</KEYWORD3>
      <KEYWORD3>stats.skewness</KEYWORD3>
      <KEYWORD3>stats.sma</KEYWORD3>
      <KEYWORD3>stats.smallest</KEYWORD3>
      <KEYWORD3>stats.smm</KEYWORD3>
      <KEYWORD3>stats.sorted</KEYWORD3>
      <KEYWORD3>stats.spread</KEYWORD3>
      <KEYWORD3>stats.standardise</KEYWORD3>
      <KEYWORD3>stats.studentst</KEYWORD3>
      <KEYWORD3>stats.sumdata</KEYWORD3>
      <KEYWORD3>stats.sumdataln</KEYWORD3>
      <KEYWORD3>stats.tovals</KEYWORD3>
      <KEYWORD3>stats.trimean</KEYWORD3>
      <KEYWORD3>stats.trimmean</KEYWORD3>
      <KEYWORD3>stats.var</KEYWORD3>
      <KEYWORD3>stats.weights</KEYWORD3>
      <KEYWORD3>stats.winsor</KEYWORD3>
      <KEYWORD3>stats.zscore</KEYWORD3>
      <KEYWORD3>linalg.add</KEYWORD3>
      <KEYWORD3>linalg.augment</KEYWORD3>
      <KEYWORD3>linalg.backsub</KEYWORD3>
      <KEYWORD3>linalg.checkmatrix</KEYWORD3>
      <KEYWORD3>linalg.checksquare</KEYWORD3>
      <KEYWORD3>linalg.checkvector</KEYWORD3>
      <KEYWORD3>linalg.coldim</KEYWORD3>
      <KEYWORD3>linalg.coldim</KEYWORD3>
      <KEYWORD3>linalg.column</KEYWORD3>
      <KEYWORD3>linalg.crossprod</KEYWORD3>
      <KEYWORD3>linalg.det</KEYWORD3>
      <KEYWORD3>linalg.diagonal</KEYWORD3>
      <KEYWORD3>linalg.dim</KEYWORD3>
      <KEYWORD3>linalg.dotprod</KEYWORD3>
      <KEYWORD3>linalg.forsub</KEYWORD3>
      <KEYWORD3>linalg.getdiagonal</KEYWORD3>
      <KEYWORD3>linalg.gsolve</KEYWORD3>
      <KEYWORD3>linalg.hilbert</KEYWORD3>
      <KEYWORD3>linalg.identity</KEYWORD3>
      <KEYWORD3>linalg.inverse</KEYWORD3>
      <KEYWORD3>linalg.isallones</KEYWORD3>
      <KEYWORD3>linalg.isantisymmetric</KEYWORD3>
      <KEYWORD3>linalg.isdiagonal</KEYWORD3>
      <KEYWORD3>linalg.isidentity</KEYWORD3>
      <KEYWORD3>linalg.ismatrix</KEYWORD3>
      <KEYWORD3>linalg.issquare</KEYWORD3>
      <KEYWORD3>linalg.issymmetric</KEYWORD3>
      <KEYWORD3>linalg.isvector</KEYWORD3>
      <KEYWORD3>linalg.iszero</KEYWORD3>
      <KEYWORD3>linalg.ludecomp</KEYWORD3>
      <KEYWORD3>linalg.matrix</KEYWORD3>
      <KEYWORD3>linalg.meq</KEYWORD3>
      <KEYWORD3>linalg.mmap</KEYWORD3>
      <KEYWORD3>linalg.mmul</KEYWORD3>
      <KEYWORD3>linalg.mulrow</KEYWORD3>
      <KEYWORD3>linalg.mulrowadd</KEYWORD3>
      <KEYWORD3>linalg.mzip</KEYWORD3>
      <KEYWORD3>linalg.norm</KEYWORD3>
      <KEYWORD3>linalg.reshape</KEYWORD3>
      <KEYWORD3>linalg.rowdim</KEYWORD3>
      <KEYWORD3>linalg.rref</KEYWORD3>
      <KEYWORD3>linalg.scalarmul</KEYWORD3>
      <KEYWORD3>linalg.scale</KEYWORD3>
      <KEYWORD3>linalg.stack</KEYWORD3>
      <KEYWORD3>linalg.sub</KEYWORD3>
      <KEYWORD3>linalg.submatrix</KEYWORD3>
      <KEYWORD3>linalg.swapcol</KEYWORD3>
      <KEYWORD3>linalg.swaprow</KEYWORD3>
      <KEYWORD3>linalg.trace</KEYWORD3>
      <KEYWORD3>linalg.transpose</KEYWORD3>
      <KEYWORD3>linalg.vector</KEYWORD3>
      <KEYWORD3>linalg.veq</KEYWORD3>
      <KEYWORD3>linalg.vmap</KEYWORD3>
      <KEYWORD3>linalg.vzip</KEYWORD3>
      <KEYWORD3>linalg.zerovector</KEYWORD3>
      <KEYWORD3>os.battery</KEYWORD3>
      <KEYWORD3>os.beep</KEYWORD3>
      <KEYWORD3>os.cdrom</KEYWORD3>
      <KEYWORD3>os.chdir</KEYWORD3>
      <KEYWORD3>os.chmod</KEYWORD3>
      <KEYWORD3>os.chown</KEYWORD3>
      <KEYWORD3>os.clock</KEYWORD3>
      <KEYWORD3>os.codepage</KEYWORD3>
      <KEYWORD3>os.computername</KEYWORD3>
      <KEYWORD3>os.cpuinfo</KEYWORD3>
      <KEYWORD3>os.cpuload</KEYWORD3>
      <KEYWORD3>os.curdir</KEYWORD3>
      <KEYWORD3>os.curdrive</KEYWORD3>
      <KEYWORD3>os.date</KEYWORD3>
      <KEYWORD3>os.datetosecs</KEYWORD3>
      <KEYWORD3>os.difftime</KEYWORD3>
      <KEYWORD3>os.dirname</KEYWORD3>
      <KEYWORD3>os.drives</KEYWORD3>
      <KEYWORD3>os.drivestat</KEYWORD3>
      <KEYWORD3>os.endian</KEYWORD3>
      <KEYWORD3>os.environ</KEYWORD3>
      <KEYWORD3>os.esd</KEYWORD3>
      <KEYWORD3>os.execute</KEYWORD3>
      <KEYWORD3>os.exists</KEYWORD3>
      <KEYWORD3>os.exit</KEYWORD3>
      <KEYWORD3>os.fattrib</KEYWORD3>
      <KEYWORD3>os.fcopy</KEYWORD3>
      <KEYWORD3>os.filename</KEYWORD3>
      <KEYWORD3>os.freemem</KEYWORD3>
      <KEYWORD3>os.fstat</KEYWORD3>
      <KEYWORD3>os.getenv</KEYWORD3>
      <KEYWORD3>os.getextlibpath</KEYWORD3>
      <KEYWORD3>os.getlocale</KEYWORD3>
      <KEYWORD3>os.gettemppath</KEYWORD3>
      <KEYWORD3>os.groupinfo</KEYWORD3>
      <KEYWORD3>os.hasnetwork</KEYWORD3>
      <KEYWORD3>os.isansi</KEYWORD3>
      <KEYWORD3>os.isunix</KEYWORD3>
      <KEYWORD3>os.iswindows</KEYWORD3>
      <KEYWORD3>os.isdir</KEYWORD3>
      <KEYWORD3>os.isdocked</KEYWORD3>
      <KEYWORD3>os.isdos</KEYWORD3>
      <KEYWORD3>os.isdst</KEYWORD3>
      <KEYWORD3>os.isfile</KEYWORD3>
      <KEYWORD3>os.islinux</KEYWORD3>
      <KEYWORD3>os.islocale</KEYWORD3>
      <KEYWORD3>os.ismounted</KEYWORD3>
      <KEYWORD3>os.isos2</KEYWORD3>
      <KEYWORD3>os.isremovable</KEYWORD3>
      <KEYWORD3>os.isvaliddrive</KEYWORD3>
      <KEYWORD3>os.iterate</KEYWORD3>
      <KEYWORD3>os.list</KEYWORD3>
      <KEYWORD3>os.listcore</KEYWORD3>
      <KEYWORD3>os.login</KEYWORD3>
      <KEYWORD3>os.lsd</KEYWORD3>
      <KEYWORD3>os.memstate</KEYWORD3>
      <KEYWORD3>os.mkdir</KEYWORD3>
      <KEYWORD3>os.monitor</KEYWORD3>
      <KEYWORD3>os.mouse</KEYWORD3>
      <KEYWORD3>os.mouseflush</KEYWORD3>
      <KEYWORD3>os.mousestate</KEYWORD3>
      <KEYWORD3>os.move</KEYWORD3>
      <KEYWORD3>os.now</KEYWORD3>
      <KEYWORD3>os.pause</KEYWORD3>
      <KEYWORD3>os.pid</KEYWORD3>
      <KEYWORD3>os.readlink</KEYWORD3>
      <KEYWORD3>os.realpath</KEYWORD3>
      <KEYWORD3>os.remove</KEYWORD3>
      <KEYWORD3>os.rmdir</KEYWORD3>
      <KEYWORD3>os.screensize</KEYWORD3>
      <KEYWORD3>os.secstodate</KEYWORD3>
      <KEYWORD3>os.setenv</KEYWORD3>
      <KEYWORD3>os.setextlibpath</KEYWORD3>
      <KEYWORD3>os.setlocale</KEYWORD3>
      <KEYWORD3>os.settime</KEYWORD3>
      <KEYWORD3>os.speed</KEYWORD3>
      <KEYWORD3>os.strerror</KEYWORD3>
      <KEYWORD3>os.suffix</KEYWORD3>
      <KEYWORD3>os.symlink</KEYWORD3>
      <KEYWORD3>os.system</KEYWORD3>
      <KEYWORD3>os.terminate</KEYWORD3>
      <KEYWORD3>os.time</KEYWORD3>
      <KEYWORD3>os.tmpname</KEYWORD3>
      <KEYWORD3>os.tzdiff</KEYWORD3>
      <KEYWORD3>os.unmount</KEYWORD3>
      <KEYWORD3>os.uptime</KEYWORD3>
      <KEYWORD3>os.usd</KEYWORD3>
      <KEYWORD3>os.userinfo</KEYWORD3>
      <KEYWORD3>os.vga</KEYWORD3>
      <KEYWORD3>os.wait</KEYWORD3>
      <KEYWORD3>os.winver</KEYWORD3>
      <KEYWORD3>io.anykey</KEYWORD3>
      <KEYWORD3>io.close</KEYWORD3>
      <KEYWORD3>io.eof</KEYWORD3>
      <KEYWORD3>io.fileno</KEYWORD3>
      <KEYWORD3>io.filepos</KEYWORD3>
      <KEYWORD3>io.filesize</KEYWORD3>
      <KEYWORD3>io.getclip</KEYWORD3>
      <KEYWORD3>io.getkey</KEYWORD3>
      <KEYWORD3>io.infile</KEYWORD3>
      <KEYWORD3>io.input</KEYWORD3>
      <KEYWORD3>io.isfdesc</KEYWORD3>
      <KEYWORD3>io.isopen</KEYWORD3>
      <KEYWORD3>io.lines</KEYWORD3>
      <KEYWORD3>io.lock</KEYWORD3>
      <KEYWORD3>io.maxopenfiles</KEYWORD3>
      <KEYWORD3>io.mkstemp</KEYWORD3>
      <KEYWORD3>io.move</KEYWORD3>
      <KEYWORD3>io.nlines</KEYWORD3>
      <KEYWORD3>io.open</KEYWORD3>
      <KEYWORD3>io.openfiles</KEYWORD3>
      <KEYWORD3>io.output</KEYWORD3>
      <KEYWORD3>io.pcall</KEYWORD3>
      <KEYWORD3>io.popen</KEYWORD3>
      <KEYWORD3>io.putclip</KEYWORD3>
      <KEYWORD3>io.read</KEYWORD3>
      <KEYWORD3>io.readfile</KEYWORD3>
      <KEYWORD3>io.readlines</KEYWORD3>
      <KEYWORD3>io.rewind</KEYWORD3>
      <KEYWORD3>io.seek</KEYWORD3>
      <KEYWORD3>io.setvbuf</KEYWORD3>
      <KEYWORD3>io.skiplines</KEYWORD3>
      <KEYWORD3>io.stderr</KEYWORD3>
      <KEYWORD3>io.stdin</KEYWORD3>
      <KEYWORD3>io.stdout</KEYWORD3>
      <KEYWORD3>io.sync</KEYWORD3>
      <KEYWORD3>io.tmpfile</KEYWORD3>
      <KEYWORD3>io.toend</KEYWORD3>
      <KEYWORD3>io.truncate</KEYWORD3>
      <KEYWORD3>io.unlock</KEYWORD3>
      <KEYWORD3>io.write</KEYWORD3>
      <KEYWORD3>io.writefile</KEYWORD3>
      <KEYWORD3>io.writeline</KEYWORD3>
      <KEYWORD3>binio.close</KEYWORD3>
      <KEYWORD3>binio.eof</KEYWORD3>
      <KEYWORD3>binio.filepos</KEYWORD3>
      <KEYWORD3>binio.isfdesc</KEYWORD3>
      <KEYWORD3>binio.length</KEYWORD3>
      <KEYWORD3>binio.lines</KEYWORD3>
      <KEYWORD3>binio.open</KEYWORD3>
      <KEYWORD3>binio.readbytes</KEYWORD3>
      <KEYWORD3>binio.readchar</KEYWORD3>
      <KEYWORD3>binio.readindex</KEYWORD3>
      <KEYWORD3>binio.readlong</KEYWORD3>
      <KEYWORD3>binio.readnumber</KEYWORD3>
      <KEYWORD3>binio.readobject</KEYWORD3>
      <KEYWORD3>binio.readstring</KEYWORD3>
      <KEYWORD3>binio.rewind</KEYWORD3>
      <KEYWORD3>binio.seek</KEYWORD3>
      <KEYWORD3>binio.sync</KEYWORD3>
      <KEYWORD3>binio.toend</KEYWORD3>
      <KEYWORD3>binio.writebytes</KEYWORD3>
      <KEYWORD3>binio.writechar</KEYWORD3>
      <KEYWORD3>binio.writeindex</KEYWORD3>
      <KEYWORD3>binio.writeline</KEYWORD3>
      <KEYWORD3>binio.writelong</KEYWORD3>
      <KEYWORD3>binio.writenumber</KEYWORD3>
      <KEYWORD3>binio.writeshortstring</KEYWORD3>
      <KEYWORD3>binio.writeobject</KEYWORD3>
      <KEYWORD3>binio.writestring</KEYWORD3>
      <KEYWORD3>fractals.esctime</KEYWORD3>
      <KEYWORD3>fractals.lambdafn</KEYWORD3>
      <KEYWORD3>fractals.lbea</KEYWORD3>
      <KEYWORD3>fractals.lcos</KEYWORD3>
      <KEYWORD3>fractals.lcosxx</KEYWORD3>
      <KEYWORD3>fractals.lsin</KEYWORD3>
      <KEYWORD3>fractals.mandel</KEYWORD3>
      <KEYWORD3>fractals.mandelbrot</KEYWORD3>
      <KEYWORD3>fractals.mandelbrotfast</KEYWORD3>
      <KEYWORD3>fractals.markmand</KEYWORD3>
      <KEYWORD3>fractals.newton</KEYWORD3>
      <KEYWORD3>fractals.paint</KEYWORD3>
      <KEYWORD3>ads.attrib</KEYWORD3>
      <KEYWORD3>ads.closebase</KEYWORD3>
      <KEYWORD3>ads.closeall</KEYWORD3>
      <KEYWORD3>ads.clean</KEYWORD3>
      <KEYWORD3>ads.comment</KEYWORD3>
      <KEYWORD3>ads.createbase</KEYWORD3>
      <KEYWORD3>ads.createseq</KEYWORD3>
      <KEYWORD3>ads.createdict</KEYWORD3>
      <KEYWORD3>ads.desc</KEYWORD3>
      <KEYWORD3>ads.expand</KEYWORD3>
      <KEYWORD3>ads.fastclose</KEYWORD3>
      <KEYWORD3>ads.fastopen</KEYWORD3>
      <KEYWORD3>ads.fastread</KEYWORD3>
      <KEYWORD3>ads.fastseek</KEYWORD3>
      <KEYWORD3>ads.filepos</KEYWORD3>
      <KEYWORD3>ads.free</KEYWORD3>
      <KEYWORD3>ads.getall</KEYWORD3>
      <KEYWORD3>ads.getkeys</KEYWORD3>
      <KEYWORD3>ads.getvalues</KEYWORD3>
      <KEYWORD3>ads.index</KEYWORD3>
      <KEYWORD3>ads.indices</KEYWORD3>
      <KEYWORD3>ads.invalids</KEYWORD3>
      <KEYWORD3>ads.iterate</KEYWORD3>
      <KEYWORD3>ads.lookup</KEYWORD3>
      <KEYWORD3>ads.openbase</KEYWORD3>
      <KEYWORD3>ads.opendict</KEYWORD3>
      <KEYWORD3>ads.peekin</KEYWORD3>
      <KEYWORD3>ads.rawsearch</KEYWORD3>
      <KEYWORD3>ads.readbase</KEYWORD3>
      <KEYWORD3>ads.remove</KEYWORD3>
      <KEYWORD3>ads.retrieve</KEYWORD3>
      <KEYWORD3>ads.search</KEYWORD3>
      <KEYWORD3>ads.seqtolist</KEYWORD3>
      <KEYWORD3>ads.setdesc</KEYWORD3>
      <KEYWORD3>ads.sizeof</KEYWORD3>
      <KEYWORD3>ads.sync</KEYWORD3>
      <KEYWORD3>ads.writebase</KEYWORD3>
      <KEYWORD3>utils.calendar</KEYWORD3>
      <KEYWORD3>utils.checkdate</KEYWORD3>
      <KEYWORD3>utils.decodeb64</KEYWORD3>
      <KEYWORD3>utils.decodexml</KEYWORD3>
      <KEYWORD3>utils.encodeb64</KEYWORD3>
      <KEYWORD3>utils.encodexml</KEYWORD3>
      <KEYWORD3>utils.findfiles</KEYWORD3>
      <KEYWORD3>utils.hexlify</KEYWORD3>
      <KEYWORD3>utils.posrelat</KEYWORD3>
      <KEYWORD3>utils.readcsv</KEYWORD3>
      <KEYWORD3>utils.readini</KEYWORD3>
      <KEYWORD3>utils.readxml</KEYWORD3>
      <KEYWORD3>utils.singlesubs</KEYWORD3>
      <KEYWORD3>utils.unhexlify</KEYWORD3>
      <KEYWORD3>utils.uuid</KEYWORD3>
      <KEYWORD3>utils.weekday</KEYWORD3>
      <KEYWORD3>utils.writecsv</KEYWORD3>
      <KEYWORD3>utils.writeini</KEYWORD3>
      <KEYWORD3>utils.writexml</KEYWORD3>
      <KEYWORD3>gdi.autoflush</KEYWORD3>
      <KEYWORD3>gdi.background</KEYWORD3>
      <KEYWORD3>gdi.checkoptions</KEYWORD3>
      <KEYWORD3>gdi.COLOURS</KEYWORD3>
      <KEYWORD3>gdi.flush</KEYWORD3>
      <KEYWORD3>gdi.line</KEYWORD3>
      <KEYWORD3>gdi.lineplot</KEYWORD3>
      <KEYWORD3>gdi.mouse</KEYWORD3>
      <KEYWORD3>gdi.newline</KEYWORD3>
      <KEYWORD3>gdi.plot</KEYWORD3>
      <KEYWORD3>gdi.plotfn</KEYWORD3>
      <KEYWORD3>gdi.pointplot</KEYWORD3>
      <KEYWORD3>gdi.options</KEYWORD3>
      <KEYWORD3>gdi.point</KEYWORD3>
      <KEYWORD3>gdi.setarc</KEYWORD3>
      <KEYWORD3>gdi.setarcfilled</KEYWORD3>
      <KEYWORD3>gdi.setcircle</KEYWORD3>
      <KEYWORD3>gdi.setcirclefilled</KEYWORD3>
      <KEYWORD3>gdi.setellipse</KEYWORD3>
      <KEYWORD3>gdi.setellipsefilled</KEYWORD3>
      <KEYWORD3>gdi.setinfo</KEYWORD3>
      <KEYWORD3>gdi.setline</KEYWORD3>
      <KEYWORD3>gdi.setoptions</KEYWORD3>
      <KEYWORD3>gdi.setpoint</KEYWORD3>
      <KEYWORD3>gdi.setrectangle</KEYWORD3>
      <KEYWORD3>gdi.setrectanglefilled</KEYWORD3>
      <KEYWORD3>gdi.setthickness</KEYWORD3>
      <KEYWORD3>gdi.settriangle</KEYWORD3>
      <KEYWORD3>gdi.settrianglefilled</KEYWORD3>
      <KEYWORD3>gdi.structure</KEYWORD3>
      <KEYWORD3>gdi.thickness</KEYWORD3>
      <KEYWORD3>gdi.triangle</KEYWORD3>
      <KEYWORD3>gdi.trianglefilled</KEYWORD3>
      <KEYWORD3>package.checkclib</KEYWORD3>
      <KEYWORD3>package.loadclib</KEYWORD3>
      <KEYWORD3>rtable.defaults</KEYWORD3>
      <KEYWORD3>rtable.rdelete</KEYWORD3>
      <KEYWORD3>rtable.rget</KEYWORD3>
      <KEYWORD3>rtable.rinit</KEYWORD3>
      <KEYWORD3>rtable.roinit</KEYWORD3>
      <KEYWORD3>rtable.rmode</KEYWORD3>
      <KEYWORD3>rtable.rset</KEYWORD3>
      <KEYWORD3>rtable.remember</KEYWORD3>
      <KEYWORD3>environ.anames</KEYWORD3>
      <KEYWORD3>environ.arity</KEYWORD3>
      <KEYWORD3>environ.attrib</KEYWORD3>
      <KEYWORD3>environ.gc</KEYWORD3>
      <KEYWORD3>environ.getfenv</KEYWORD3>
      <KEYWORD3>environ.globals</KEYWORD3>
      <KEYWORD3>environ.infolevel</KEYWORD3>
      <KEYWORD3>environ.homedir</KEYWORD3>
      <KEYWORD3>environ.isequal</KEYWORD3>
      <KEYWORD3>environ.isselfref</KEYWORD3>
      <KEYWORD3>environ.kernel</KEYWORD3>
      <KEYWORD3>environ.onexit</KEYWORD3>
      <KEYWORD3>environ.pointer</KEYWORD3>
      <KEYWORD3>environ.ref</KEYWORD3>
      <KEYWORD3>environ.setfenv</KEYWORD3>
      <KEYWORD3>environ.ref</KEYWORD3>
      <KEYWORD3>environ.used</KEYWORD3>
      <KEYWORD3>environ.userinfo</KEYWORD3>
      <KEYWORD3>bags.attrib</KEYWORD3>
      <KEYWORD3>bags.bag</KEYWORD3>
      <KEYWORD3>bags.bagtoset</KEYWORD3>
      <KEYWORD3>bags.getsize</KEYWORD3>
      <KEYWORD3>bags.include</KEYWORD3>
      <KEYWORD3>bags.minclude</KEYWORD3>
      <KEYWORD3>bags.remove</KEYWORD3>
      <KEYWORD3>xml.decodexml</KEYWORD3>
      <KEYWORD3>xml.readxml</KEYWORD3>
      <KEYWORD3>skycrane.bagtable</KEYWORD3>
      <KEYWORD3>skycrane.dice</KEYWORD3>
      <KEYWORD3>skycrane.enclose</KEYWORD3>
      <KEYWORD3>skycrane.fcopy</KEYWORD3>
      <KEYWORD3>skycrane.getlocales</KEYWORD3>
      <KEYWORD3>skycrane.isemail</KEYWORD3>
      <KEYWORD3>skycrane.iterate</KEYWORD3>
      <KEYWORD3>skycrane.move</KEYWORD3>
      <KEYWORD3>skycrane.readcsv</KEYWORD3>
      <KEYWORD3>skycrane.removedquotes</KEYWORD3>
      <KEYWORD3>skycrane.replaceinfile</KEYWORD3>
      <KEYWORD3>skycrane.scribe</KEYWORD3>
      <KEYWORD3>skycrane.sorted</KEYWORD3>
      <KEYWORD3>skycrane.stopwatch</KEYWORD3>
      <KEYWORD3>skycrane.tee</KEYWORD3>
      <KEYWORD3>skycrane.timestamp</KEYWORD3>
      <KEYWORD3>skycrane.tocomma</KEYWORD3>
      <KEYWORD3>skycrane.todate</KEYWORD3>
      <KEYWORD3>skycrane.tolerance</KEYWORD3>
      <KEYWORD3>skycrane.trimpath</KEYWORD3>
      <KEYWORD3>skycrane.xmlmatch</KEYWORD3>
      <KEYWORD3>xbase.attrib</KEYWORD3>
      <KEYWORD3>xbase.close</KEYWORD3>
      <KEYWORD3>xbase.fields</KEYWORD3>
      <KEYWORD3>xbase.fieldtype</KEYWORD3>
      <KEYWORD3>xbase.filepos</KEYWORD3>
      <KEYWORD3>xbase.header</KEYWORD3>
      <KEYWORD3>xbase.ismarked</KEYWORD3>
      <KEYWORD3>xbase.isopen</KEYWORD3>
      <KEYWORD3>xbase.isvoid</KEYWORD3>
      <KEYWORD3>xbase.lock</KEYWORD3>
      <KEYWORD3>xbase.new</KEYWORD3>
      <KEYWORD3>xbase.mark</KEYWORD3>
      <KEYWORD3>xbase.open</KEYWORD3>
      <KEYWORD3>xbase.purge</KEYWORD3>
      <KEYWORD3>xbase.readdbf</KEYWORD3>
      <KEYWORD3>xbase.readvalue</KEYWORD3>
      <KEYWORD3>xbase.record</KEYWORD3>
      <KEYWORD3>xbase.records</KEYWORD3>
      <KEYWORD3>xbase.sync</KEYWORD3>
      <KEYWORD3>xbase.unlock</KEYWORD3>
      <KEYWORD3>xbase.wipe</KEYWORD3>
      <KEYWORD3>xbase.writeboolean</KEYWORD3>
      <KEYWORD3>xbase.writedate</KEYWORD3>
      <KEYWORD3>xbase.writedouble</KEYWORD3>
      <KEYWORD3>xbase.writefloat</KEYWORD3>
      <KEYWORD3>xbase.writelong</KEYWORD3>
      <KEYWORD3>xbase.writenumber</KEYWORD3>
      <KEYWORD3>xbase.writestring</KEYWORD3>
      <KEYWORD3>xbase.writetime</KEYWORD3>
      <KEYWORD3>astro.cdate</KEYWORD3>
      <KEYWORD3>astro.cweek</KEYWORD3>
      <KEYWORD3>astro.cweekmonsun</KEYWORD3>
      <KEYWORD3>astro.dectodms</KEYWORD3>
      <KEYWORD3>astro.dmstodec</KEYWORD3>
      <KEYWORD3>astro.hdate</KEYWORD3>
      <KEYWORD3>astro.isleapyear</KEYWORD3>
      <KEYWORD3>astro.lastcweek</KEYWORD3>
      <KEYWORD3>astro.moon</KEYWORD3>
      <KEYWORD3>astro.moonphase</KEYWORD3>
      <KEYWORD3>astro.moonriseset</KEYWORD3>
      <KEYWORD3>astro.jdate</KEYWORD3>
      <KEYWORD3>astro.sun</KEYWORD3>
      <KEYWORD3>astro.sunriseset</KEYWORD3>
      <KEYWORD3>astro.taiutc</KEYWORD3>
      <KEYWORD3>clock.add</KEYWORD3>
      <KEYWORD3>clock.adjust</KEYWORD3>
      <KEYWORD3>clock.muls</KEYWORD3>
      <KEYWORD3>clock.pow</KEYWORD3>
      <KEYWORD3>clock.sgstr</KEYWORD3>
      <KEYWORD3>clock.sub</KEYWORD3>
      <KEYWORD3>clock.tm</KEYWORD3>
      <KEYWORD3>clock.todec</KEYWORD3>
      <KEYWORD3>clock.totm</KEYWORD3>
      <KEYWORD3>net.accept</KEYWORD3>
      <KEYWORD3>net.address</KEYWORD3>
      <KEYWORD3>net.bind</KEYWORD3>
      <KEYWORD3>net.block</KEYWORD3>
      <KEYWORD3>net.close</KEYWORD3>
      <KEYWORD3>net.closewinsock</KEYWORD3>
      <KEYWORD3>net.connect</KEYWORD3>
      <KEYWORD3>net.isconnected</KEYWORD3>
      <KEYWORD3>net.listen</KEYWORD3>
      <KEYWORD3>net.lookup</KEYWORD3>
      <KEYWORD3>net.open</KEYWORD3>
      <KEYWORD3>net.opensockets</KEYWORD3>
      <KEYWORD3>net.openwinsock</KEYWORD3>
      <KEYWORD3>net.receive</KEYWORD3>
      <KEYWORD3>net.remoteaddress</KEYWORD3>
      <KEYWORD3>net.send</KEYWORD3>
      <KEYWORD3>net.shutdown</KEYWORD3>
      <KEYWORD3>net.smallping</KEYWORD3>
      <KEYWORD3>net.survey</KEYWORD3>
      <KEYWORD3>net.wget</KEYWORD3>
      <KEYWORD3>llist.append</KEYWORD3>
      <KEYWORD3>llist.checkllist</KEYWORD3>
      <KEYWORD3>llist.dump</KEYWORD3>
      <KEYWORD3>llist.getitem</KEYWORD3>
      <KEYWORD3>llist.iterate</KEYWORD3>
      <KEYWORD3>llist.list</KEYWORD3>
      <KEYWORD3>llist.prepend</KEYWORD3>
      <KEYWORD3>llist.put</KEYWORD3>
      <KEYWORD3>llist.purge</KEYWORD3>
      <KEYWORD3>llist.replicate</KEYWORD3>
      <KEYWORD3>llist.setitem</KEYWORD3>
      <KEYWORD3>llist.toseq</KEYWORD3>
      <KEYWORD3>llist.totable</KEYWORD3>
      <KEYWORD3>ulist.append</KEYWORD3>
      <KEYWORD3>ulist.checkulist</KEYWORD3>
      <KEYWORD3>ulist.dump</KEYWORD3>
      <KEYWORD3>ulist.getitem</KEYWORD3>
      <KEYWORD3>ulist.getllist</KEYWORD3>
      <KEYWORD3>ulist.getsize</KEYWORD3>
      <KEYWORD3>ulist.has</KEYWORD3>
      <KEYWORD3>ulist.isulist</KEYWORD3>
      <KEYWORD3>ulist.iterate</KEYWORD3>
      <KEYWORD3>ulist.list</KEYWORD3>
      <KEYWORD3>ulist.listtotable</KEYWORD3>
      <KEYWORD3>ulist.prepend</KEYWORD3>
      <KEYWORD3>ulist.purge</KEYWORD3>
      <KEYWORD3>ulist.put</KEYWORD3>
      <KEYWORD3>ulist.setitem</KEYWORD3>
      <KEYWORD3>ulist.sort</KEYWORD3>
      <KEYWORD3>ulist.swap</KEYWORD3>
      <KEYWORD3>ulist.toseq</KEYWORD3>
      <KEYWORD3>ulist.totable</KEYWORD3>
      <KEYWORD3>ulist.tostring</KEYWORD3>
      <KEYWORD3>divs.acosine</KEYWORD3>
      <KEYWORD3>divs.add</KEYWORD3>
      <KEYWORD3>divs.asine</KEYWORD3>
      <KEYWORD3>divs.atangent</KEYWORD3>
      <KEYWORD3>divs.cosine</KEYWORD3>
      <KEYWORD3>divs.denom</KEYWORD3>
      <KEYWORD3>divs.divs</KEYWORD3>
      <KEYWORD3>divs.divide</KEYWORD3>
      <KEYWORD3>divs.equals</KEYWORD3>
      <KEYWORD3>divs.expe</KEYWORD3>
      <KEYWORD3>divs.hcosine</KEYWORD3>
      <KEYWORD3>divs.hsine</KEYWORD3>
      <KEYWORD3>divs.htangent</KEYWORD3>
      <KEYWORD3>divs.ipow</KEYWORD3>
      <KEYWORD3>divs.loge</KEYWORD3>
      <KEYWORD3>divs.multiply</KEYWORD3>
      <KEYWORD3>divs.numer</KEYWORD3>
      <KEYWORD3>divs.sine</KEYWORD3>
      <KEYWORD3>divs.sqroot</KEYWORD3>
      <KEYWORD3>divs.subtract</KEYWORD3>
      <KEYWORD3>divs.tangent</KEYWORD3>
      <KEYWORD3>divs.todec</KEYWORD3>
      <KEYWORD3>divs.todiv</KEYWORD3>
      <KEYWORD3>registers.gettop</KEYWORD3>
      <KEYWORD3>registers.settop</KEYWORD3>
      <KEYWORD3>registers.extend</KEYWORD3>
      <KEYWORD3>registers.reduce</KEYWORD3>
      <KEYWORD3>hashes.adler32</KEYWORD3>
      <KEYWORD3>hashes.ap</KEYWORD3>
      <KEYWORD3>hashes.asu</KEYWORD3>
      <KEYWORD3>hashes.bkdr</KEYWORD3>
      <KEYWORD3>hashes.bp</KEYWORD3>
      <KEYWORD3>hashes.bsd</KEYWORD3>
      <KEYWORD3>hashes.cksum</KEYWORD3>
      <KEYWORD3>hashes.collisions</KEYWORD3>
      <KEYWORD3>hashes.crc8</KEYWORD3>
      <KEYWORD3>hashes.crc16</KEYWORD3>
      <KEYWORD3>hashes.crc32</KEYWORD3>
      <KEYWORD3>hashes.damm</KEYWORD3>
      <KEYWORD3>hashes.dek</KEYWORD3>
      <KEYWORD3>hashes.digitsum</KEYWORD3>
      <KEYWORD3>hashes.djb</KEYWORD3>
      <KEYWORD3>hashes.djb2</KEYWORD3>
      <KEYWORD3>hashes.djb2rot</KEYWORD3>
      <KEYWORD3>hashes.droot</KEYWORD3>
      <KEYWORD3>hashes.elf</KEYWORD3>
      <KEYWORD3>hashes.fibmod</KEYWORD3>
      <KEYWORD3>hashes.fletcher</KEYWORD3>
      <KEYWORD3>hashes.fnv</KEYWORD3>
      <KEYWORD3>hashes.interweave</KEYWORD3>
      <KEYWORD3>hashes.jen</KEYWORD3>
      <KEYWORD3>hashes.lua</KEYWORD3>
      <KEYWORD3>hashes.luhn</KEYWORD3>
      <KEYWORD3>hashes.md5</KEYWORD3>
      <KEYWORD3>hashes.mix</KEYWORD3>
      <KEYWORD3>hashes.mix64</KEYWORD3>
      <KEYWORD3>hashes.mix64to32</KEYWORD3>
      <KEYWORD3>hashes.murmur2</KEYWORD3>
      <KEYWORD3>hashes.murmur3</KEYWORD3>
      <KEYWORD3>hashes.murmur3128</KEYWORD3>
      <KEYWORD3>hashes.oaat</KEYWORD3>
      <KEYWORD3>hashes.parity</KEYWORD3>
      <KEYWORD3>hashes.pjw</KEYWORD3>
      <KEYWORD3>hashes.pl</KEYWORD3>
      <KEYWORD3>hashes.raw</KEYWORD3>
      <KEYWORD3>hashes.reflect</KEYWORD3>
      <KEYWORD3>hashes.rs</KEYWORD3>
      <KEYWORD3>hashes.sax</KEYWORD3>
      <KEYWORD3>hashes.sdbm</KEYWORD3>
      <KEYWORD3>hashes.sha512</KEYWORD3>
      <KEYWORD3>hashes.sth</KEYWORD3>
      <KEYWORD3>hashes.strval</KEYWORD3>
      <KEYWORD3>hashes.sumupchars</KEYWORD3>
      <KEYWORD3>hashes.sysv</KEYWORD3>
      <KEYWORD3>hashes.varlen</KEYWORD3>
      <KEYWORD3>hashes.verhoeff</KEYWORD3>
      <KEYWORD3>tar.close</KEYWORD3>
      <KEYWORD3>tar.extract</KEYWORD3>
      <KEYWORD3>tar.lines</KEYWORD3>
      <KEYWORD3>tar.open</KEYWORD3>
      <KEYWORD3>numarray.convert</KEYWORD3>
      <KEYWORD3>numarray.cycle</KEYWORD3>
      <KEYWORD3>numarray.double</KEYWORD3>
      <KEYWORD3>numarray.getitem</KEYWORD3>
      <KEYWORD3>numarray.getbit</KEYWORD3>
      <KEYWORD3>numarray.getsize</KEYWORD3>
      <KEYWORD3>numarray.include</KEYWORD3>
      <KEYWORD3>numarray.integer</KEYWORD3>
      <KEYWORD3>numarray.iterate</KEYWORD3>
      <KEYWORD3>numarray.map</KEYWORD3>
      <KEYWORD3>numarray.purge</KEYWORD3>
      <KEYWORD3>numarray.read</KEYWORD3>
      <KEYWORD3>numarray.readdoubles</KEYWORD3>
      <KEYWORD3>numarray.readintegers</KEYWORD3>
      <KEYWORD3>numarray.readuchars</KEYWORD3>
      <KEYWORD3>numarray.readushorts</KEYWORD3>
      <KEYWORD3>numarray.resize</KEYWORD3>
      <KEYWORD3>numarray.satsify</KEYWORD3>
      <KEYWORD3>numarray.setbit</KEYWORD3>
      <KEYWORD3>numarray.setitem</KEYWORD3>
      <KEYWORD3>numarray.sort</KEYWORD3>
      <KEYWORD3>numarray.toarray</KEYWORD3>
      <KEYWORD3>numarray.toreg</KEYWORD3>
      <KEYWORD3>numarray.toseq</KEYWORD3>
      <KEYWORD3>numarray.uchar</KEYWORD3>
      <KEYWORD3>numarray.used</KEYWORD3>
      <KEYWORD3>numarray.ushort</KEYWORD3>
      <KEYWORD3>numarray.whereis</KEYWORD3>
      <KEYWORD3>numarray.write</KEYWORD3>
      <KEYWORD3>debug.debug</KEYWORD3>
      <KEYWORD3>debug.features</KEYWORD3>
      <KEYWORD3>debug.funcname</KEYWORD3>
      <KEYWORD3>debug.getfenv</KEYWORD3>
      <KEYWORD3>debug.gethook</KEYWORD3>
      <KEYWORD3>debug.getinfo</KEYWORD3>
      <KEYWORD3>debug.getlocal</KEYWORD3>
      <KEYWORD3>debug.getlocals</KEYWORD3>
      <KEYWORD3>debug.getregistry</KEYWORD3>
      <KEYWORD3>debug.getmetatable</KEYWORD3>
      <KEYWORD3>debug.getupvalue</KEYWORD3>
      <KEYWORD3>debug.setfenv</KEYWORD3>
      <KEYWORD3>debug.sethook</KEYWORD3>
      <KEYWORD3>debug.setlocal</KEYWORD3>
      <KEYWORD3>debug.setmetatable</KEYWORD3>
      <KEYWORD3>debug.setupvalue</KEYWORD3>
      <KEYWORD3>debug.traceback</KEYWORD3>
      <KEYWORD3>debug.system</KEYWORD3>
      <KEYWORD3>registry.anchor</KEYWORD3>
      <KEYWORD3>registry.anyid</KEYWORD3>
      <KEYWORD3>registry.get</KEYWORD3>
      <KEYWORD3>zx.ABS</KEYWORD3>
      <KEYWORD3>zx.ACS</KEYWORD3>
      <KEYWORD3>zx.AND</KEYWORD3>
      <KEYWORD3>zx.ASN</KEYWORD3>
      <KEYWORD3>zx.ATN</KEYWORD3>
      <KEYWORD3>zx.COS</KEYWORD3>
      <KEYWORD3>zx.EXP</KEYWORD3>
      <KEYWORD3>zx.INT</KEYWORD3>
      <KEYWORD3>zx.LN</KEYWORD3>
      <KEYWORD3>zx.NOT</KEYWORD3>
      <KEYWORD3>zx.OR</KEYWORD3>
      <KEYWORD3>zx.POW</KEYWORD3>
      <KEYWORD3>zx.SGN</KEYWORD3>
      <KEYWORD3>zx.SIN</KEYWORD3>
      <KEYWORD3>zx.SQR</KEYWORD3>
      <KEYWORD3>zx.TAN</KEYWORD3>
      <KEYWORD3>zx.genseries</KEYWORD3>
      <KEYWORD3>zx.getcoeffs</KEYWORD3>
      <KEYWORD3>zx.reduce</KEYWORD3>
      <KEYWORD3>zx.setcoeffs</KEYWORD3>
      <KEYWORD3>gzip.deflate</KEYWORD3>
      <KEYWORD3>gzip.inflate</KEYWORD3>
      <KEYWORD3>gzip.flush</KEYWORD3>
      <KEYWORD3>gzip.lines</KEYWORD3>
      <KEYWORD3>gzip.close</KEYWORD3>
      <KEYWORD3>gzip.open</KEYWORD3>
      <KEYWORD3>gzip.read</KEYWORD3>
      <KEYWORD3>gzip.seek</KEYWORD3>
      <KEYWORD3>gzip.write</KEYWORD3>
      <KEYWORD3>bloom.attrib</KEYWORD3>
      <KEYWORD3>bloom.find</KEYWORD3>
      <KEYWORD3>bloom.get</KEYWORD3>
      <KEYWORD3>bloom.include</KEYWORD3>
      <KEYWORD3>bloom.new</KEYWORD3>
      <KEYWORD3>bloom.toseq</KEYWORD3>
      <KEYWORD3>factory.count</KEYWORD3>
      <KEYWORD3>factory.cycle</KEYWORD3>
      <KEYWORD3>factory.iterate</KEYWORD3>
      <KEYWORD3>factory.reset</KEYWORD3>
      <KEYWORD3>sema.close</KEYWORD3>
      <KEYWORD3>sema.isopen</KEYWORD3>
      <KEYWORD3>sema.new</KEYWORD3>
      <KEYWORD3>sema.open</KEYWORD3>
      <KEYWORD3>sema.reset</KEYWORD3>
      <KEYWORD3>sema.shrink</KEYWORD3>
      <KEYWORD3>sema.state</KEYWORD3>
      <KEYWORD3>utf8.chars</KEYWORD3>
      <KEYWORD3>utf8.charpattern</KEYWORD3>
      <KEYWORD3>utf8.codes</KEYWORD3>
      <KEYWORD3>utf8.codepoint</KEYWORD3>
      <KEYWORD3>utf8.len</KEYWORD3>
      <KEYWORD3>utf8.offset</KEYWORD3>
      <!-- memory file-->
      <KEYWORD3>memfile.append</KEYWORD3>
      <KEYWORD3>memfile.charbuf</KEYWORD3>
      <KEYWORD3>memfile.dump</KEYWORD3>
      <KEYWORD3>memfile.getitem</KEYWORD3>
      <KEYWORD3>memfile.getsize</KEYWORD3>
      <KEYWORD3>memfile.iterate</KEYWORD3>
      <KEYWORD3>memfile.map</KEYWORD3>
      <KEYWORD3>memfile.read</KEYWORD3>
      <KEYWORD3>memfile.replicate</KEYWORD3>
      <KEYWORD3>memfile.setitem</KEYWORD3>
      <KEYWORD3>memfile.substring</KEYWORD3>
      <KEYWORD3>memfile.write</KEYWORD3>
      <!-- built-in numerical stack -->
      <KEYWORD3>allotted</KEYWORD3>
      <KEYWORD3>pushd</KEYWORD3>
      <KEYWORD3>popd</KEYWORD3>
      <KEYWORD3>cell</KEYWORD3>
      <KEYWORD3>resetd</KEYWORD3>
      <KEYWORD3>switchd</KEYWORD3>
      <KEYWORD3>stack.attribd</KEYWORD3>
      <KEYWORD3>stack.choosed</KEYWORD3>
      <KEYWORD3>stack.dumpd</KEYWORD3>
      <KEYWORD3>stack.explored</KEYWORD3>
      <KEYWORD3>stack.insertd</KEYWORD3>
      <KEYWORD3>stack.pushstackd</KEYWORD3>
      <KEYWORD3>stack.pushvalued</KEYWORD3>
      <KEYWORD3>stack.removed</KEYWORD3>
      <KEYWORD3>stack.replaced</KEYWORD3>
      <KEYWORD3>stack.reversed</KEYWORD3>
      <KEYWORD3>stack.rotated</KEYWORD3>
      <KEYWORD3>stack.selected</KEYWORD3>
      <KEYWORD3>stack.shrinkd</KEYWORD3>
      <KEYWORD3>stack.sized</KEYWORD3>
      <KEYWORD3>stack.sorted</KEYWORD3>
      <KEYWORD3>stack.swapd</KEYWORD3>
      <KEYWORD3>stack.switchto</KEYWORD3>
    </KEYWORDS>
  </RULES>
</MODE>